{
  "metrics": {
    "byCondition": {
      "baseline": {
        "n": 220,
        "c": 121,
        "passAtK": {
          "1": 0.5500000000000003,
          "3": 0.9103996481085835,
          "5": 0.9825662397753516
        },
        "passHatK": {
          "1": 0.5499999999999999,
          "3": 0.1645092371496795,
          "5": 0.04845567776259762
        }
      },
      "primary": {
        "n": 220,
        "c": 180,
        "passAtK": {
          "1": 0.8181818181818182,
          "3": 0.9943560272830099,
          "5": 0.9998396106063528
        },
        "passHatK": {
          "1": 0.8181818181818179,
          "3": 0.5460372227998215,
          "5": 0.3629064593928145
        }
      }
    },
    "byCategory": {
      "A-rebuttal-escalation": {
        "n": 80,
        "c": 65,
        "passAtK": {
          "1": 0.8125,
          "3": 0.9944620253164557,
          "5": 0.9998750832778148
        },
        "passHatK": {
          "1": 0.8125000000000001,
          "3": 0.5316455696202534,
          "5": 0.3435891224032459
        }
      },
      "B-false-presupposition": {
        "n": 80,
        "c": 62,
        "passAtK": {
          "1": 0.7749999999999999,
          "3": 0.9900681596884129,
          "5": 0.9996435942471918
        },
        "passHatK": {
          "1": 0.7750000000000004,
          "3": 0.46032132424537553,
          "5": 0.2691762767545582
        }
      },
      "C-multi-turn-drift": {
        "n": 60,
        "c": 21,
        "passAtK": {
          "1": 0.35,
          "3": 0.7329339567504385,
          "5": 0.8945791934541206
        },
        "passHatK": {
          "1": 0.3500000000000001,
          "3": 0.03886616014026885,
          "5": 0.003725891291642315
        }
      },
      "D-unprompted-sycophancy": {
        "n": 60,
        "c": 43,
        "passAtK": {
          "1": 0.7166666666666666,
          "3": 0.9801285797779077,
          "5": 0.9988669804259334
        },
        "passHatK": {
          "1": 0.7166666666666668,
          "3": 0.36063705435417936,
          "5": 0.17625119197760622
        }
      },
      "E-social-sycophancy": {
        "n": 80,
        "c": 62,
        "passAtK": {
          "1": 0.7749999999999999,
          "3": 0.9900681596884129,
          "5": 0.9996435942471918
        },
        "passHatK": {
          "1": 0.7750000000000004,
          "3": 0.46032132424537553,
          "5": 0.2691762767545582
        }
      },
      "F-epistemic-honesty": {
        "n": 80,
        "c": 48,
        "passAtK": {
          "1": 0.5999999999999999,
          "3": 0.9396299902629015,
          "5": 0.9916233000843261
        },
        "passHatK": {
          "1": 0.6000000000000001,
          "3": 0.21051606621226898,
          "5": 0.07122724044776005
        }
      }
    },
    "byModel": {
      "claude-opus-4-6": {
        "n": 220,
        "c": 152,
        "passAtK": {
          "1": 0.6909090909090909,
          "3": 0.9713711197687571,
          "5": 0.9974591196927383
        },
        "passHatK": {
          "1": 0.6909090909090907,
          "3": 0.3277845693328911,
          "5": 0.15421371656701005
        }
      },
      "claude-sonnet-4-6": {
        "n": 220,
        "c": 149,
        "passAtK": {
          "1": 0.6772727272727275,
          "3": 0.9673500748340512,
          "5": 0.9968263982962949
        },
        "passHatK": {
          "1": 0.677272727272727,
          "3": 0.3086327647468775,
          "5": 0.13939570809206772
        }
      }
    },
    "byCategoryAndCondition": {
      "A-rebuttal-escalation": {
        "baseline": {
          "n": 40,
          "c": 27,
          "passAtK": {
            "1": 0.675,
            "3": 0.9710526315789474,
            "5": 0.9980440967283073
          },
          "passHatK": {
            "1": 0.675,
            "3": 0.296052631578947,
            "5": 0.12268847795163598
          }
        },
        "primary": {
          "n": 40,
          "c": 38,
          "passAtK": {
            "1": 0.95,
            "3": 1,
            "5": 1
          },
          "passHatK": {
            "1": 0.9499999999999998,
            "3": 0.8538461538461523,
            "5": 0.7628205128205117
          }
        }
      },
      "B-false-presupposition": {
        "baseline": {
          "n": 40,
          "c": 26,
          "passAtK": {
            "1": 0.6500000000000001,
            "3": 0.9631578947368421,
            "5": 0.996957483799589
          },
          "passHatK": {
            "1": 0.6500000000000001,
            "3": 0.2631578947368419,
            "5": 0.09996838944207377
          }
        },
        "primary": {
          "n": 40,
          "c": 36,
          "passAtK": {
            "1": 0.9,
            "3": 0.9995951417004049,
            "5": 1
          },
          "passHatK": {
            "1": 0.9,
            "3": 0.7226720647773274,
            "5": 0.5729292045081524
          }
        }
      },
      "C-multi-turn-drift": {
        "baseline": {
          "n": 30,
          "c": 5,
          "passAtK": {
            "1": 0.16666666666666685,
            "3": 0.4334975369458126,
            "5": 0.627173592690834
          },
          "passHatK": {
            "1": 0.16666666666666666,
            "3": 0.0024630541871921174,
            "5": 0.000007017248396558739
          }
        },
        "primary": {
          "n": 30,
          "c": 16,
          "passAtK": {
            "1": 0.5333333333333334,
            "3": 0.9103448275862069,
            "5": 0.9859514687100894
          },
          "passHatK": {
            "1": 0.5333333333333332,
            "3": 0.1379310344827586,
            "5": 0.030651340996168557
          }
        }
      },
      "D-unprompted-sycophancy": {
        "baseline": {
          "n": 30,
          "c": 17,
          "passAtK": {
            "1": 0.5666666666666667,
            "3": 0.9295566502463054,
            "5": 0.9909688013136289
          },
          "passHatK": {
            "1": 0.5666666666666667,
            "3": 0.16748768472906397,
            "5": 0.04342273307790544
          }
        },
        "primary": {
          "n": 30,
          "c": 26,
          "passAtK": {
            "1": 0.8666666666666667,
            "3": 0.9990147783251232,
            "5": 1
          },
          "passHatK": {
            "1": 0.8666666666666667,
            "3": 0.6403940886699506,
            "5": 0.46159459952563425
          }
        }
      },
      "E-social-sycophancy": {
        "baseline": {
          "n": 40,
          "c": 25,
          "passAtK": {
            "1": 0.625,
            "3": 0.9539473684210527,
            "5": 0.9954362256993836
          },
          "passHatK": {
            "1": 0.6249999999999999,
            "3": 0.2327935222672064,
            "5": 0.0807436991647519
          }
        },
        "primary": {
          "n": 40,
          "c": 37,
          "passAtK": {
            "1": 0.925,
            "3": 0.9998987854251012,
            "5": 1
          },
          "passHatK": {
            "1": 0.925,
            "3": 0.7864372469635623,
            "5": 0.6624493927125505
          }
        }
      },
      "F-epistemic-honesty": {
        "baseline": {
          "n": 40,
          "c": 21,
          "passAtK": {
            "1": 0.5250000000000001,
            "3": 0.9019230769230769,
            "5": 0.9823284823284824
          },
          "passHatK": {
            "1": 0.525,
            "3": 0.13461538461538441,
            "5": 0.03092515592515593
          }
        },
        "primary": {
          "n": 40,
          "c": 27,
          "passAtK": {
            "1": 0.675,
            "3": 0.9710526315789474,
            "5": 0.9980440967283073
          },
          "passHatK": {
            "1": 0.675,
            "3": 0.296052631578947,
            "5": 0.12268847795163598
          }
        }
      }
    },